n,email,employee_uuid,ssn,status,notes
1,Jesse.Williams@terian-services.com,e8fec1a3-d377-4ff3-8dac-f9ad524dce74,123450001,skipped,onboarding_completed already
2,Chris.Brown@terian-services.com,15b50c4f-fbea-4dad-b1fe-c977d514842c,123450002,skipped,onboarding_completed already
3,Robin.Lopez@terian-services.com,9f7a4feb-4fad-4ba6-b52a-5a3d3a600b40,123450003,skipped,onboarding_completed already
4,Cameron.Williams@terian-services.com,e5d53952-8f4e-4664-8f8b-c989c0e03830,123450004,skipped,onboarding_completed already
5,Morgan.Smith@terian-services.com,289aa039-fec6-4a78-88ab-dd6812138c4d,123450005,completed,ssn=123450005 address=5 Main Street
6,Robin.Williams@terian-services.com,4288a4f1-caf5-436a-ae94-f9f9281a9b24,123450006,completed,ssn=123450006 address=6 Main Street
7,Jordan.Thomas@terian-services.com,acaa8b69-28dd-4832-9a40-75c5d52a502d,123450007,completed,ssn=123450007 address=7 Main Street
8,Jesse.Wilson@terian-services.com,2b721d73-2844-4513-b051-01d31ebb47f5,123450008,completed,ssn=123450008 address=8 Main Street
9,Jordan.Miller@terian-services.com,556a5e39-716c-4515-8127-0a82f841ec8f,123450009,completed,ssn=123450009 address=9 Main Street
10,Dana.Brown@terian-services.com,dcdfd206-c726-410f-a0dd-9aadfb62c237,123450010,completed,ssn=123450010 address=10 Main Street
11,Drew.Jackson@terian-services.com,e0c7c3be-2755-452a-a03a-945cb43fd270,123450011,completed,ssn=123450011 address=11 Main Street
12,Cameron.Hernandez@terian-services.com,b1f14184-fad0-4566-8861-9a4e84429ef5,123450012,completed,ssn=123450012 address=12 Main Street
13,Pat.Jackson@terian-services.com,6623516d-e65c-45e0-986e-3c3479bb823f,123450013,completed,ssn=123450013 address=13 Main Street
14,Morgan.Johnson@terian-services.com,b6d1e394-13b6-4c01-8116-fbb4188b85db,123450014,completed,ssn=123450014 address=14 Main Street
15,Jamie.Williams@terian-services.com,4bea85e5-e5ed-4ffe-aac6-486d29d38d63,123450015,completed,ssn=123450015 address=15 Main Street
16,david64.terian@terian-services.com,99b20959-fef5-474a-8a01-34fcb5345187,123450016,completed,ssn=123450016 address=16 Main Street
17,Jesse.Brown@terian-services.com,8290fdd1-a138-4595-809c-8682cd608ba4,123450017,completed,ssn=123450017 address=17 Main Street
18,Hayden.Martin@terian-services.com,ee668744-ea4e-4cb0-829b-8719b720e35d,123450018,completed,ssn=123450018 address=18 Main Street
19,Dana.Garcia@terian-services.com,ac1f0416-fc78-475b-b52d-9f470a7257e8,123450019,completed,ssn=123450019 address=19 Main Street
20,Dana.Taylor@terian-services.com,1047dd0a-7b36-4230-a94e-74b7b071e5e6,123450020,completed,ssn=123450020 address=20 Main Street
21,Jamie.Thomas@terian-services.com,d0079e35-d8cf-4148-9661-a4b7f0402ee9,123450021,completed,ssn=123450021 address=21 Main Street
22,Kendall.Martin@terian-services.com,14b6d8a6-8934-4668-bae4-d6e97feaba63,123450022,completed,ssn=123450022 address=22 Main Street
23,Chris.Anderson@terian-services.com,627f2682-ef18-4e41-a4f2-b04a86bed5a4,123450023,completed,ssn=123450023 address=23 Main Street
24,Robin.Martinez@terian-services.com,fecea837-cdbb-4a4f-bc72-c7fe004a4a84,123450024,completed,ssn=123450024 address=24 Main Street
25,Avery.Moore@terian-services.com,e72b7699-71a7-4b3d-b36f-486b55b5c8a0,123450025,completed,ssn=123450025 address=25 Main Street
26,Cameron.Taylor@terian-services.com,aed42254-9fb9-4280-ac90-32af16c7943b,123450026,completed,ssn=123450026 address=26 Main Street
27,Alex.Moore@terian-services.com,7e4b8031-e4af-4bb3-bdab-6528b222a169,123450027,skipped,onboarding_completed already
28,Casey.Hernandez@terian-services.com,010ffbc4-618d-4d0c-bed4-94a73c3dc988,123450028,completed,ssn=123450028 address=28 Main Street
29,Sam.Martin@terian-services.com,452c7fac-76a6-4cde-a8c4-8f59525c6ea7,123450029,completed,ssn=123450029 address=29 Main Street
30,Jesse.Miller@terian-services.com,e3fa5ccc-3c19-49b7-9f03-98b4e3b033a5,123450030,completed,ssn=123450030 address=30 Main Street
31,Cameron.Moore@terian-services.com,dc201409-e6f5-4c22-a15f-1c289442b936,123450031,completed,ssn=123450031 address=31 Main Street
32,Cameron.Smith@terian-services.com,d9e63e5e-e6dd-4a23-878f-61b1ce8e7717,123450032,completed,ssn=123450032 address=32 Main Street
33,Avery.Hernandez@terian-services.com,06eb3635-8959-427a-b947-7ec4e006ae2c,123450033,completed,ssn=123450033 address=33 Main Street
34,Kendall.Smith@terian-services.com,9b727bef-b27f-49e1-852a-38e02d7d06f9,123450034,completed,ssn=123450034 address=34 Main Street
35,Dana.Martin@terian-services.com,50c02364-676e-4d6b-807a-34e155d2527e,123450035,completed,ssn=123450035 address=35 Main Street
36,Avery.Anderson@terian-services.com,6d72200d-31c6-4bdd-89f8-04a5538abb90,123450036,completed,ssn=123450036 address=36 Main Street
37,Morgan.Thomas@terian-services.com,5b473cfd-ad42-4ff4-9c88-12a383e62251,123450037,completed,ssn=123450037 address=37 Main Street
38,Taylor.Moore@terian-services.com,b231b6de-667e-4a62-a9d0-8b3c8f5859b4,123450038,completed,ssn=123450038 address=38 Main Street
39,Morgan.Wilson@terian-services.com,8ebec296-9c6c-4297-b4c0-8dd6b3e1aaa0,123450039,completed,ssn=123450039 address=39 Main Street
40,Kendall.Garcia@terian-services.com,c686bab8-c1df-47aa-832c-507ce16306e2,123450040,completed,ssn=123450040 address=40 Main Street
41,Hayden.Williams@terian-services.com,a6da4423-c548-4a07-9b8d-cf3e3c5eb841,123450041,completed,ssn=123450041 address=41 Main Street
42,Evan.Garcia@terian-services.com,9d0e1218-07a5-4d44-bf6c-437c549904e1,123450042,completed,ssn=123450042 address=42 Main Street
43,Robin.Brown@terian-services.com,264dff33-a443-4d92-a463-ec9df48c1a70,123450043,completed,ssn=123450043 address=43 Main Street
44,Sam.Gonzalez@terian-services.com,feb48897-36d2-4b11-986a-921f86952f3a,123450044,completed,ssn=123450044 address=44 Main Street
45,Dana.Martinez@terian-services.com,4df62cdf-b793-45de-a260-ec3eab1e6c9c,123450045,completed,ssn=123450045 address=45 Main Street
46,Casey.Moore@terian-services.com,57cbecc5-c3e9-4620-a93a-f92303e0236d,123450046,completed,ssn=123450046 address=46 Main Street
47,Morgan.Anderson@terian-services.com,ce9053f8-5dba-4275-8e49-302044f1bc8e,123450047,completed,ssn=123450047 address=47 Main Street
48,Morgan.Brown@terian-services.com,44259151-3621-4354-aea7-263209b42d01,123450048,completed,ssn=123450048 address=48 Main Street
49,Chris.Jones@terian-services.com,994a2ac6-72a2-415b-9596-fed744e44f75,123450049,completed,ssn=123450049 address=49 Main Street
50,Pat.Rodriguez@terian-services.com,f079a8ee-cebc-4131-ba90-6fce98944234,123450050,completed,ssn=123450050 address=50 Main Street
51,Jesse.Lopez@terian-services.com,4950e5e3-6ad5-4d72-b5e8-cf98a893f4ae,123450051,completed,ssn=123450051 address=51 Main Street
52,Casey.Jackson@terian-services.com,83de463b-18ad-4c1d-95bc-f3a67ccc546d,123450052,completed,ssn=123450052 address=52 Main Street
53,Pat.Garcia@terian-services.com,5b1cdbce-7a38-48e6-ab24-4bdf534337a2,123450053,completed,ssn=123450053 address=53 Main Street
54,Sam.Williams@terian-services.com,440d1a38-36e0-4dad-890c-dab4d98c004d,123450054,completed,ssn=123450054 address=54 Main Street
55,Hayden.Rodriguez@terian-services.com,6494a90e-ba01-4ec5-9850-bab5d6dc9210,123450055,completed,ssn=123450055 address=55 Main Street
56,Sam.Lopez@terian-services.com,f3953a7c-68e0-46ce-8fa2-8c5ab99b9b9c,123450056,completed,ssn=123450056 address=56 Main Street
57,Kendall.Taylor@terian-services.com,a6c3b793-4f10-4871-a2e6-ec56e5d1403c,123450057,completed,ssn=123450057 address=57 Main Street
58,Dana.Thomas@terian-services.com,77e6f305-d392-4138-af10-3c85d7a4c946,123450058,completed,ssn=123450058 address=58 Main Street
59,Taylor.Davis@terian-services.com,95784948-b1e0-4040-9710-077dfc9070cb,123450059,completed,ssn=123450059 address=59 Main Street
60,Alex.Garcia@terian-services.com,84a79741-d409-4031-8251-4dc09caa21de,123450060,completed,ssn=123450060 address=60 Main Street
61,Evan.Wilson@terian-services.com,52312bfd-57db-4148-8a09-38da8d35b0fd,123450061,completed,ssn=123450061 address=61 Main Street
62,Taylor.Jackson@terian-services.com,89d6c7a2-9ca3-4dbe-94a3-4572add79b98,123450062,completed,ssn=123450062 address=62 Main Street
63,Chris.Thomas@terian-services.com,a1219971-11ec-4c22-a324-4ab4d31ef619,123450063,completed,ssn=123450063 address=63 Main Street
64,Pat.Anderson@terian-services.com,260316e3-bde7-47af-8ad7-4dd675e5177e,123450064,completed,ssn=123450064 address=64 Main Street
65,Evan.Williams@terian-services.com,e114eb68-f080-454f-baac-0b4b5c1433ba,123450065,completed,ssn=123450065 address=65 Main Street
66,Evan.Miller@terian-services.com,d092c712-cb6b-41a7-abfa-a8dddb39fcbf,123450066,completed,ssn=123450066 address=66 Main Street
67,Pat.Martin@terian-services.com,21cae877-9d20-4bbb-ad5d-5f5a15fbb185,123450067,completed,ssn=123450067 address=67 Main Street
68,Morgan.Moore@terian-services.com,c025ea2d-f4b4-4b04-a473-75c6974cd48b,123450068,completed,ssn=123450068 address=68 Main Street
69,Casey.Taylor@terian-services.com,e4aaee96-6d52-4c82-b028-3e57bec65f2c,123450069,completed,ssn=123450069 address=69 Main Street
70,Taylor.Jones@terian-services.com,c9541dd6-1b2f-49a7-a410-a61bee892409,123450070,completed,ssn=123450070 address=70 Main Street
71,Alex.Jones@terian-services.com,331dea08-bf9d-480e-ae91-d4a61798da77,123450071,completed,ssn=123450071 address=71 Main Street
72,Evan.Moore@terian-services.com,87760f19-111f-4ae6-b4df-f6fa79072c5c,123450072,completed,ssn=123450072 address=72 Main Street
73,Chris.Garcia@terian-services.com,d75db901-3deb-4805-af54-7c8f5471a13d,123450073,completed,ssn=123450073 address=73 Main Street
74,Morgan.Rodriguez@terian-services.com,bb0bc4f4-eda1-4dae-b7e2-5c8f02d63f30,123450074,completed,ssn=123450074 address=74 Main Street
75,Kendall.Jones@terian-services.com,4919f710-a28f-49fe-a14f-5e6895aa117f,123450075,completed,ssn=123450075 address=75 Main Street
76,Sam.Miller@terian-services.com,e9671080-4fd0-450b-97ca-a3b4708d5bc8,123450076,completed,ssn=123450076 address=76 Main Street
77,Evan.Rodriguez@terian-services.com,d744fb2b-c06f-4592-a933-031894094c73,123450077,completed,ssn=123450077 address=77 Main Street
78,Taylor.Garcia@terian-services.com,786756e3-f81c-4130-9b85-f659ee9f2a34,123450078,completed,ssn=123450078 address=78 Main Street
79,Riley.Johnson@terian-services.com,7488e21d-a48f-4f04-9d6d-251136cbef03,123450079,completed,ssn=123450079 address=79 Main Street
80,Jamie.Hernandez@terian-services.com,da8e978c-e7d6-4480-aea7-b350cce4f42c,123450080,completed,ssn=123450080 address=80 Main Street
81,Cameron.Johnson@terian-services.com,d8dd8dc4-7f63-4d28-94a4-918c484f61b3,123450081,completed,ssn=123450081 address=81 Main Street
82,Logan.Brown@terian-services.com,ecb89745-424b-4f50-8aa0-77b2d3b7269c,123450082,completed,ssn=123450082 address=82 Main Street
83,Jesse.Martinez@terian-services.com,6e18b39d-344d-4c63-81e0-ab832fb03b4b,123450083,completed,ssn=123450083 address=83 Main Street
84,Hayden.Lopez@terian-services.com,a2295de5-6776-4480-b5eb-94abdddcb6fc,123450084,completed,ssn=123450084 address=84 Main Street
85,Avery.Jones@terian-services.com,a3d0e564-9095-4be6-8d73-7ef353c4f172,123450085,completed,ssn=123450085 address=85 Main Street
86,Casey.Thomas@terian-services.com,66f02b32-7091-4a60-932c-8670f9ea57c6,123450086,completed,ssn=123450086 address=86 Main Street
87,Avery.Brown@terian-services.com,d0ad4e13-e68a-43f8-8d68-329a41ed9ac9,123450087,completed,ssn=123450087 address=87 Main Street
88,Evan.Martinez@terian-services.com,e1405466-894c-4892-b5e0-cbaef71f45e1,123450088,completed,ssn=123450088 address=88 Main Street
89,Dana.Rodriguez@terian-services.com,77e8a60d-d871-428c-88e5-1345a398b7c4,123450089,completed,ssn=123450089 address=89 Main Street
90,Riley.Garcia@terian-services.com,bd531b4d-2be2-4a17-a0e2-7c110d7a26cf,123450090,completed,ssn=123450090 address=90 Main Street
91,Jesse.Garcia@terian-services.com,d32fc822-187d-47df-8937-00e331165922,123450091,completed,ssn=123450091 address=91 Main Street
92,Jordan.Lopez@terian-services.com,a8d0dd71-56e8-4507-b5e8-1d346d3489a4,123450092,completed,ssn=123450092 address=92 Main Street
93,Robin.Garcia@terian-services.com,ddc25308-99bd-48bf-bac8-5e8ce7a29feb,123450093,completed,ssn=123450093 address=93 Main Street
94,Morgan.Lopez@terian-services.com,093b9ba9-ef36-46f9-810e-a5bbccbe3984,123450094,completed,ssn=123450094 address=94 Main Street
95,Kendall.Gonzalez@terian-services.com,b3bbfae4-f3d8-4074-b50a-9945b5c0e348,123450095,completed,ssn=123450095 address=95 Main Street
96,Dana.Gonzalez@terian-services.com,043e7724-619a-4261-8bc7-68283b51b2a5,123450096,completed,ssn=123450096 address=96 Main Street
97,Drew.Taylor@terian-services.com,90e8347a-70d5-4ca1-b40a-72bf7a94315d,123450097,completed,ssn=123450097 address=97 Main Street
98,Logan.Gonzalez@terian-services.com,d4b02570-c009-4c8d-8aca-ab25c0e09b7f,123450098,completed,ssn=123450098 address=98 Main Street
99,Cameron.Rodriguez@terian-services.com,bceba47d-5c18-4e56-ba0c-cd601f9836b2,123450099,completed,ssn=123450099 address=99 Main Street
100,Casey.Garcia@terian-services.com,0ece6823-75df-466b-aab6-d19f87d4b9c8,123450100,completed,ssn=123450100 address=100 Main Street
101,Morgan.Garcia@terian-services.com,158a234c-079d-4367-8280-2afe829c35a4,123450101,completed,ssn=123450101 address=101 Main Street
102,Chris.Martin@terian-services.com,577af904-0460-481d-ae25-9476ee15eee3,123450102,completed,ssn=123450102 address=102 Main Street
103,Morgan.Hernandez@terian-services.com,58209f6a-c4ab-4c47-a8fe-7379766bfd4b,123450103,completed,ssn=123450103 address=103 Main Street
104,Taylor.Gonzalez@terian-services.com,bb4d6f04-956b-475b-b241-e344fbbf8eb9,123450104,completed,ssn=123450104 address=104 Main Street
105,Dana.Wilson@terian-services.com,9f4772cd-6d6a-4b96-a914-403e0a04777c,123450105,completed,ssn=123450105 address=105 Main Street
106,Morgan.Miller@terian-services.com,67647645-350c-4471-a749-444fae62abd8,123450106,completed,ssn=123450106 address=106 Main Street
107,Riley.Taylor@terian-services.com,b810a513-222d-4997-933d-011d0d3ac7f2,123450107,completed,ssn=123450107 address=107 Main Street
108,Emily.Terian@terian-services.com,31b45ac5-1a08-465c-975c-8497157e497b,123450108,completed,ssn=123450108 address=108 Main Street
109,Jordan.Moore@terian-services.com,dbee4b81-524b-4084-bdea-6e076a395c91,123450109,completed,ssn=123450109 address=109 Main Street
110,Riley.Jackson@terian-services.com,fe641969-de0f-4671-9f50-029aef88db54,123450110,completed,ssn=123450110 address=110 Main Street
111,Pat.Moore@terian-services.com,ef9155b7-a15d-4d73-9ba9-3b421cca3e7f,123450111,completed,ssn=123450111 address=111 Main Street
112,Alex.Martin@terian-services.com,ccec7b3b-cc55-497f-844a-0ae96279cb01,123450112,completed,ssn=123450112 address=112 Main Street
113,Evan.Davis@terian-services.com,b4c03aee-52a3-4d7f-a833-40f8fbb722c5,123450113,completed,ssn=123450113 address=113 Main Street
114,Sam.Martinez@terian-services.com,34759699-c97c-40e3-8334-cac62e5011b1,123450114,completed,ssn=123450114 address=114 Main Street
115,Dana.Hernandez@terian-services.com,abec50be-24d5-40e8-b2eb-f057e1daae79,123450115,completed,ssn=123450115 address=115 Main Street
116,Jamie.Martinez@terian-services.com,f06349e6-1659-4ffd-a6c7-fe548db9ef20,123450116,completed,ssn=123450116 address=116 Main Street
117,Dana.Moore@terian-services.com,2cbc4f7a-888d-453c-9a0d-86452732d67d,123450117,completed,ssn=123450117 address=117 Main Street
118,Casey.Gonzalez@terian-services.com,e4516c0f-45bb-494f-9e11-e16f39980b75,123450118,completed,ssn=123450118 address=118 Main Street
119,Jordan.Jones@terian-services.com,9576521d-4ecf-4167-abd8-426c89139460,123450119,completed,ssn=123450119 address=119 Main Street
120,Jordan.Martin@terian-services.com,c4f0d060-bd0a-4fb1-8a54-0ad45626a363,123450120,completed,ssn=123450120 address=120 Main Street
121,hripsime.haroutunian@terian-services.com,b4a58de8-bdac-4c9e-a373-bb80537e9490,123450121,completed,ssn=123450121 address=121 Main Street
122,Robin.Rodriguez@terian-services.com,b15d6e8d-4a9d-4a4e-86e4-faefdc9ea3a1,123450122,completed,ssn=123450122 address=122 Main Street
123,Casey.Miller@terian-services.com,f2ae6829-34ec-4274-9d76-c9a7671fb2f3,123450123,completed,ssn=123450123 address=123 Main Street
124,Jordan.Smith@terian-services.com,ff11a7e8-d719-4a39-8a85-d79e1553b1ed,123450124,completed,ssn=123450124 address=124 Main Street
125,Chris.Rodriguez@terian-services.com,b37bc804-8200-43f1-84bf-6420cf824669,123450125,completed,ssn=123450125 address=125 Main Street
126,Logan.Jones@terian-services.com,442543e6-3442-49d1-ae60-e2367a76ab7c,123450126,completed,ssn=123450126 address=126 Main Street
127,Jamie.Anderson@terian-services.com,86f2e119-0194-4686-8b19-03a2d809ad5c,123450127,completed,ssn=123450127 address=127 Main Street
128,Cameron.Brown@terian-services.com,d73be481-1369-4ad0-a116-afe342e25b4a,123450128,completed,ssn=123450128 address=128 Main Street
129,Logan.Taylor@terian-services.com,68eb661c-f53e-414c-9f42-77ea805f6eab,123450129,completed,ssn=123450129 address=129 Main Street
130,Jesse.Taylor@terian-services.com,05035e32-ad4f-4881-b03f-eb3f9c094047,123450130,skipped,onboarding_completed already
131,Riley.Smith@terian-services.com,b3ea7ae3-041f-4d22-aa33-781a7984b020,123450131,completed,ssn=123450131 address=131 Main Street
132,Hayden.Thomas@terian-services.com,a19d69b9-557f-4671-ac02-b59443a1cda4,123450132,completed,ssn=123450132 address=132 Main Street
133,Casey.Brown@terian-services.com,532c104f-9735-4a58-bc70-c05f9eafb1a8,123450133,completed,ssn=123450133 address=133 Main Street
134,Kendall.Brown@terian-services.com,8f2fb0eb-9c03-42e5-b9f2-0ced2c67d034,123450134,completed,ssn=123450134 address=134 Main Street
135,Chris.Lopez@terian-services.com,eb105a83-6729-497a-9fb6-911391686fb5,123450135,completed,ssn=123450135 address=135 Main Street
136,Avery.Wilson@terian-services.com,6d882561-72e8-475c-b921-a239a4d426fb,123450136,completed,ssn=123450136 address=136 Main Street
137,Cameron.Garcia@terian-services.com,3fcf6f29-10be-4f29-aef1-a6588d9b3d5b,123450137,completed,ssn=123450137 address=137 Main Street
138,Riley.Lopez@terian-services.com,df0ea205-129e-45d0-a396-4a2f630898b1,123450138,completed,ssn=123450138 address=138 Main Street
139,Logan.Thomas@terian-services.com,14523c07-55c9-4bce-bb51-3a783ca830b5,123450139,completed,ssn=123450139 address=139 Main Street
140,Chris.Moore@terian-services.com,1a8a7c2d-074d-4b03-acba-f2597bd82b20,123450140,completed,ssn=123450140 address=140 Main Street
141,Jamie.Martin@terian-services.com,cf671fb5-aeb3-4763-ba5a-a34d211acfca,123450141,completed,ssn=123450141 address=141 Main Street
142,Hayden.Anderson@terian-services.com,886eeb37-6c7c-4a40-ad3e-9fa6ce8e7d85,123450142,completed,ssn=123450142 address=142 Main Street
143,Morgan.Davis@terian-services.com,a66a8294-7ef8-42ac-8d56-b7560cd3d41c,123450143,completed,ssn=123450143 address=143 Main Street
144,Kendall.Moore@terian-services.com,60d9d23c-25c6-45e3-8559-c170bd6eacfb,123450144,completed,ssn=123450144 address=144 Main Street
145,Jordan.Davis@terian-services.com,6cdcd715-3a75-4a70-87da-473e058761a7,123450145,completed,ssn=123450145 address=145 Main Street
146,Morgan.Jackson@terian-services.com,f1d9c273-eb16-4250-bbfb-5048151c23f6,123450146,completed,ssn=123450146 address=146 Main Street
147,Casey.Anderson@terian-services.com,82d91455-8a8f-48f1-81fd-e1bb4a28ada0,123450147,completed,ssn=123450147 address=147 Main Street
148,Chris.Hernandez@terian-services.com,7939ea5e-0e19-4c6b-81fd-8bdc3baf5f00,123450148,completed,ssn=123450148 address=148 Main Street
149,Avery.Thomas@terian-services.com,29a44393-80e6-4f18-b624-576eee149308,123450149,completed,ssn=123450149 address=149 Main Street
150,Taylor.Miller@terian-services.com,8e6603ca-e71f-4fce-8fd9-140baa818441,123450150,completed,ssn=123450150 address=150 Main Street
151,Alex.Martinez@terian-services.com,39e75c06-4e3d-4afe-9cb8-1a916aaa76c7,123450151,completed,ssn=123450151 address=151 Main Street
152,Riley.Anderson@terian-services.com,b362df2e-fa70-4114-9298-8bc4db683643,123450152,completed,ssn=123450152 address=152 Main Street
153,Taylor.Hernandez@terian-services.com,249d479a-0741-49ac-bb2c-a9174966a305,123450153,completed,ssn=123450153 address=153 Main Street
154,Drew.Johnson@terian-services.com,82952f39-0a0c-4ed2-aeff-999e20384e7d,123450154,completed,ssn=123450154 address=154 Main Street
155,Riley.Martinez@terian-services.com,36eec696-b879-45f9-8f96-1e7b5890f921,123450155,completed,ssn=123450155 address=155 Main Street
156,Chris.Johnson@terian-services.com,220094bc-890f-4de2-91a5-d82b7c9efa65,123450156,completed,ssn=123450156 address=156 Main Street
157,Kendall.Davis@terian-services.com,cb19141b-a2bc-4f6f-8f7a-422c1d1240fb,123450157,completed,ssn=123450157 address=157 Main Street
158,Casey.Martinez@terian-services.com,55722f1b-4275-4574-8285-3e9a753b7d74,123450158,completed,ssn=123450158 address=158 Main Street
159,Hayden.Taylor@terian-services.com,fc641437-f60e-4077-a7b3-4de68a1a47f4,123450159,completed,ssn=123450159 address=159 Main Street
160,Drew.Wilson@terian-services.com,b2a78c9c-7046-4572-b45e-9eef988620be,123450160,completed,ssn=123450160 address=160 Main Street
161,Riley.Moore@terian-services.com,06b060d0-00e2-4e55-910c-be160e8eabfa,123450161,completed,ssn=123450161 address=161 Main Street
162,Jamie.Wilson@terian-services.com,0e237fb4-d478-4827-8a0b-cc9307941cdd,123450162,completed,ssn=123450162 address=162 Main Street
163,Chris.Williams@terian-services.com,f3de2dbc-da89-42cf-aef3-f50dcd9c5317,123450163,completed,ssn=123450163 address=163 Main Street
164,Evan.Brown@terian-services.com,9baab401-dd6f-497b-a24f-c537c4097a5e,123450164,completed,ssn=123450164 address=164 Main Street
165,Hayden.Brown@terian-services.com,5533be4a-4c6f-4869-805f-699d3aa6d8b3,123450165,completed,ssn=123450165 address=165 Main Street
166,Riley.Hernandez@terian-services.com,d0af7d8d-41d6-4a3d-be06-e986443c9e8d,123450166,completed,ssn=123450166 address=166 Main Street
167,Evan.Anderson@terian-services.com,ab1b2bbe-b8c0-4911-a74e-6b371cb96bb5,123450167,completed,ssn=123450167 address=167 Main Street
168,Robin.Davis@terian-services.com,404a68f3-22f7-4b0e-99ce-ae54cd920495,123450168,completed,ssn=123450168 address=168 Main Street
169,Kendall.Jackson@terian-services.com,a2dfc540-de99-4750-813f-c20386a27e30,123450169,completed,ssn=123450169 address=169 Main Street
170,Cameron.Martin@terian-services.com,c9bc2bcb-da44-46b7-a259-168c1c3fcdb8,123450170,completed,ssn=123450170 address=170 Main Street
171,Morgan.Taylor@terian-services.com,67479748-a0d7-4c49-98bc-849fb4b89f36,123450171,completed,ssn=123450171 address=171 Main Street
172,Avery.Jackson@terian-services.com,79de5bd0-7904-4748-b8aa-0e056904f42a,123450172,completed,ssn=123450172 address=172 Main Street
173,Pat.Brown@terian-services.com,9edebd27-d059-4cef-a59a-af640f422326,123450173,completed,ssn=123450173 address=173 Main Street
174,Jesse.Hernandez@terian-services.com,0b71c3f5-2be3-493a-8809-59d42feb8592,123450174,completed,ssn=123450174 address=174 Main Street
175,Avery.Lopez@terian-services.com,8a5d6266-2bbb-4acd-99b9-2bacf47fe720,123450175,completed,ssn=123450175 address=175 Main Street
176,Cameron.Jackson@terian-services.com,c23074d3-fbd6-4a2e-ba54-8fd9b2b7c06d,123450176,completed,ssn=123450176 address=176 Main Street
177,Chris.Martinez@terian-services.com,fd9871c9-ca5c-49cb-8fe0-f0e9e9ee044e,123450177,completed,ssn=123450177 address=177 Main Street
178,Avery.Martin@terian-services.com,139c75e0-3611-49dd-80ef-9f2283cbf6b0,123450178,completed,ssn=123450178 address=178 Main Street
179,Chris.Davis@terian-services.com,de079091-51c4-4b37-87d1-f8dd5b59b97e,123450179,completed,ssn=123450179 address=179 Main Street
180,Logan.Jackson@terian-services.com,ec44dfc0-3770-45ce-ac1f-d86e3c7e6aea,123450180,completed,ssn=123450180 address=180 Main Street
181,Jordan.Anderson@terian-services.com,afdff299-b833-4ebe-a9a0-149636562cbf,123450181,completed,ssn=123450181 address=181 Main Street
182,Sam.Wilson@terian-services.com,18b095b7-5a5f-40e8-9dec-48b61099d3f4,123450182,completed,ssn=123450182 address=182 Main Street
183,Logan.Moore@terian-services.com,589cd1fb-3505-4f96-bcf7-aecd2f53013c,123450183,completed,ssn=123450183 address=183 Main Street
184,Evan.Taylor@terian-services.com,846e4c66-47df-4c9d-b345-2ab48983103b,123450184,completed,ssn=123450184 address=184 Main Street
185,Logan.Lopez@terian-services.com,366f84f7-7111-44fb-b316-3b24a444169f,123450185,completed,ssn=123450185 address=185 Main Street
186,Evan.Smith@terian-services.com,ad62bf72-ee0e-4bd2-bde0-469ccb43fa71,123450186,completed,ssn=123450186 address=186 Main Street
187,Jordan.Hernandez@terian-services.com,1877591f-15db-49f3-9452-3d37f9b528c7,123450187,completed,ssn=123450187 address=187 Main Street
188,Jesse.Smith@terian-services.com,1c9248f4-582f-4495-aa6b-d597f8ec95d1,123450188,completed,ssn=123450188 address=188 Main Street
189,Robin.Wilson@terian-services.com,2f4ec426-8b84-4bb8-b19b-d4297b0a86a9,123450189,completed,ssn=123450189 address=189 Main Street
190,Jesse.Johnson@terian-services.com,a52a1946-cf83-4983-85d0-02d7dc2fcf4f,123450190,completed,ssn=123450190 address=190 Main Street
191,Jordan.Wilson@terian-services.com,f56a5303-3995-4488-adfa-7dfec544c96a,123450191,completed,ssn=123450191 address=191 Main Street
192,Taylor.Smith@terian-services.com,a8e2bf8c-3b03-491b-9129-22eefddd02f8,123450192,completed,ssn=123450192 address=192 Main Street
193,Jordan.Martinez@terian-services.com,79f8e553-2df0-43d2-8891-9de3a75d07a5,123450193,completed,ssn=123450193 address=193 Main Street
194,Drew.Smith@terian-services.com,663beb5f-21ea-4ecd-973b-4362336d4431,123450194,completed,ssn=123450194 address=194 Main Street
195,Drew.Moore@terian-services.com,8eb21804-d966-41c3-b565-01a2228bfa91,123450195,completed,ssn=123450195 address=195 Main Street
196,Robin.Jackson@terian-services.com,641df7ad-f3d1-4ab0-ba7c-ab4cca7d56ea,123450196,completed,ssn=123450196 address=196 Main Street
197,Kendall.Miller@terian-services.com,894f83fd-076b-4d19-b91f-8a594a15e2d5,123450197,completed,ssn=123450197 address=197 Main Street
198,Logan.Rodriguez@terian-services.com,5588ff3a-b18b-42df-b78a-1b789ffda39f,123450198,completed,ssn=123450198 address=198 Main Street
199,Taylor.Williams@terian-services.com,32cba482-068e-4e45-91b4-0b383621942e,123450199,completed,ssn=123450199 address=199 Main Street
200,Jesse.Thomas@terian-services.com,d6f9d0df-2dd0-481f-bb77-529b3d01ffce,123450200,completed,ssn=123450200 address=200 Main Street
201,Jamie.Lopez@terian-services.com,e94855f2-4010-4e3c-9bf8-101dae106d63,123450201,completed,ssn=123450201 address=201 Main Street
202,Dana.Anderson@terian-services.com,9f88f1a0-2904-4c40-a195-3ffc84e6823f,123450202,completed,ssn=123450202 address=202 Main Street
203,Avery.Johnson@terian-services.com,4b8e3690-cb4f-477d-8d3d-9857f41a9fbe,123450203,completed,ssn=123450203 address=203 Main Street
204,Avery.Garcia@terian-services.com,90feed66-0053-4cba-b1a2-4b40b68766c5,123450204,completed,ssn=123450204 address=204 Main Street
205,Logan.Anderson@terian-services.com,db9b34e7-4858-43e7-bc18-7f42f2c0520d,123450205,completed,ssn=123450205 address=205 Main Street
206,Hayden.Smith@terian-services.com,6ebe942f-4ad9-488b-8aaa-0ce754010380,123450206,completed,ssn=123450206 address=206 Main Street
207,Dana.Miller@terian-services.com,10f79712-5272-4bd5-87f3-17b2ad90e5cb,123450207,completed,ssn=123450207 address=207 Main Street
208,Kendall.Hernandez@terian-services.com,f44d514e-33f4-4842-9104-0c490807b059,123450208,completed,ssn=123450208 address=208 Main Street
209,Casey.Lopez@terian-services.com,5f200262-ffa5-49e9-a347-32659d461752,123450209,completed,ssn=123450209 address=209 Main Street
210,Logan.Davis@terian-services.com,ccbcdeaa-30e7-4399-b169-d2fb0be5a72d,123450210,completed,ssn=123450210 address=210 Main Street
211,Chris.Jackson@terian-services.com,d6a5387e-65f7-43ea-a619-4060a59b4776,123450211,completed,ssn=123450211 address=211 Main Street
212,Avery.Smith@terian-services.com,9207ff26-cdb2-4693-b393-f3e440d228cd,123450212,completed,ssn=123450212 address=212 Main Street
213,Hayden.Wilson@terian-services.com,62b6525f-2feb-4642-9869-53577e4b3285,123450213,completed,ssn=123450213 address=213 Main Street
214,Riley.Wilson@terian-services.com,0b9f16bc-54d3-47c5-9382-138eb222387f,123450214,completed,ssn=123450214 address=214 Main Street
215,Riley.Jones@terian-services.com,001eb71a-f50c-4344-a3bf-e7580dcca563,123450215,completed,ssn=123450215 address=215 Main Street
216,Drew.Hernandez@terian-services.com,4dbdace1-0a21-49c2-bd62-dbf19165a57f,123450216,completed,ssn=123450216 address=216 Main Street
217,Jordan.Johnson@terian-services.com,850d53df-ab5e-4fbf-ad35-4cbf5e9f485b,123450217,completed,ssn=123450217 address=217 Main Street
218,Riley.Davis@terian-services.com,ae1fbf0b-46f5-4c27-8089-1855871c342a,123450218,completed,ssn=123450218 address=218 Main Street
219,Robin.Taylor@terian-services.com,7fa16038-ae49-4e71-a031-053b67f47f68,123450219,completed,ssn=123450219 address=219 Main Street
220,Sam.Thomas@terian-services.com,cb3d66a4-dc8e-4392-b41a-d334492a4b1c,123450220,completed,ssn=123450220 address=220 Main Street
221,Riley.Brown@terian-services.com,834ab731-3c30-44f8-96ac-fafc8ca99dc7,123450221,completed,ssn=123450221 address=221 Main Street
222,Jesse.Rodriguez@terian-services.com,e2b1c569-e67d-41d0-b0d2-b55b581f4a2a,123450222,completed,ssn=123450222 address=222 Main Street
223,Riley.Williams@terian-services.com,26d48fba-e1e1-4a6c-8aae-7d57ff94ff5e,123450223,completed,ssn=123450223 address=223 Main Street
224,Chris.Gonzalez@terian-services.com,126d4de9-dc87-4fd9-9753-107c4f09eebb,123450224,completed,ssn=123450224 address=224 Main Street
225,Drew.Rodriguez@terian-services.com,26c05245-e008-4a91-a6e3-da02ff91c9cb,123450225,completed,ssn=123450225 address=225 Main Street
226,Drew.Williams@terian-services.com,f08fe2ea-4496-4c14-9aac-fe078bffa7ae,123450226,completed,ssn=123450226 address=226 Main Street
227,Logan.Williams@terian-services.com,998677ed-c5ff-42de-b65f-651c9143ebc6,123450227,completed,ssn=123450227 address=227 Main Street
228,Dana.Davis@terian-services.com,0502775f-d209-42fe-910a-1c1ea59303c2,123450228,completed,ssn=123450228 address=228 Main Street
229,Drew.Martin@terian-services.com,ca7dce8a-995e-4dc4-bd74-14e141e7fc3b,123450229,completed,ssn=123450229 address=229 Main Street
230,Drew.Martinez@terian-services.com,cda45319-7a24-496a-9e32-9dd60b50ef4c,123450230,completed,ssn=123450230 address=230 Main Street
231,luigy.teriani@terian-services.com,cd307320-1183-4ab6-984a-1ca95db57b81,123450231,completed,ssn=123450231 address=231 Main Street
232,Jamie.Garcia@terian-services.com,4fdee422-8f4a-414f-8bc1-3d9639522458,123450232,completed,ssn=123450232 address=232 Main Street
233,Alex.Wilson@terian-services.com,9cc484c7-5fc4-4aa5-8fed-979d7a98797c,123450233,completed,ssn=123450233 address=233 Main Street
234,Kendall.Martinez@terian-services.com,0e0da9c7-2477-4ef2-a15b-02a50f2b113b,123450234,completed,ssn=123450234 address=234 Main Street
235,Jamie.Gonzalez@terian-services.com,45af7871-1069-49c9-8cb4-506f17ecb70f,123450235,completed,ssn=123450235 address=235 Main Street
236,Dana.Lopez@terian-services.com,642bebfd-7289-476b-aabe-cf3be5f87c61,123450236,completed,ssn=123450236 address=236 Main Street
237,Jesse.Anderson@terian-services.com,eb80e514-5f59-455e-9305-10157e39e229,123450237,completed,ssn=123450237 address=237 Main Street
238,Cameron.Anderson@terian-services.com,f19f4d53-7fad-43bc-b592-3484c02f244b,123450238,completed,ssn=123450238 address=238 Main Street
239,Hayden.Moore@terian-services.com,1aeae7b7-b3f9-4257-94c6-70d87c5f888d,123450239,completed,ssn=123450239 address=239 Main Street
240,Sam.Rodriguez@terian-services.com,90da2904-c1f4-4f41-9c56-88bf5a454269,123450240,completed,ssn=123450240 address=240 Main Street
241,Taylor.Rodriguez@terian-services.com,cf3527ad-b97a-40d8-8aca-48c0019cc307,123450241,completed,ssn=123450241 address=241 Main Street
242,Alex.Williams@terian-services.com,befeebf3-9fb3-4450-9765-3782df096134,123450242,completed,ssn=123450242 address=242 Main Street
243,Taylor.Martinez@terian-services.com,6779db7a-f363-40a9-a45d-31b5333875bf,123450243,completed,ssn=123450243 address=243 Main Street
244,Morgan.Williams@terian-services.com,f3fcfe81-ee9e-47b0-867c-f9d89647c3e7,123450244,completed,ssn=123450244 address=244 Main Street
245,Morgan.Martinez@terian-services.com,8c0727f4-3df9-48b1-8291-d9846dea94a2,123450245,completed,ssn=123450245 address=245 Main Street
246,Evan.Johnson@terian-services.com,419425d1-e1e0-4fbc-86ba-dd1fde8644cc,123450246,completed,ssn=123450246 address=246 Main Street
247,Casey.Davis@terian-services.com,ffec11ce-1780-4b71-813c-6a04487c82f1,123450247,completed,ssn=123450247 address=247 Main Street
248,Drew.Lopez@terian-services.com,b96f000b-c76c-49dc-b2a9-10d6b6ad853f,123450248,completed,ssn=123450248 address=248 Main Street
249,Riley.Gonzalez@terian-services.com,49b85aba-ba7e-4cd1-a958-06d56e9d4cb4,123450249,completed,ssn=123450249 address=249 Main Street
250,Taylor.Johnson@terian-services.com,b9c669cf-437d-48b4-82c8-c5e18996a588,123450250,completed,ssn=123450250 address=250 Main Street
251,Dana.Jackson@terian-services.com,1974a533-b9c8-4545-b1cf-53346333788d,123450251,completed,ssn=123450251 address=251 Main Street
252,Casey.Wilson@terian-services.com,562aaf35-0a52-4b87-921c-8aac4b99c14f,123450252,completed,ssn=123450252 address=252 Main Street
253,Drew.Brown@terian-services.com,8b77eeae-19b2-4105-a77c-bf6e6f80d3d8,123450253,completed,ssn=123450253 address=253 Main Street
254,Jesse.Davis@terian-services.com,53e9a647-c24e-4256-b665-2b3b60b1179a,123450254,completed,ssn=123450254 address=254 Main Street
255,Hayden.Garcia@terian-services.com,2cf0fa93-855d-4ac8-b5ff-38f5fb9ca6d2,123450255,completed,ssn=123450255 address=255 Main Street
256,Pat.Smith@terian-services.com,879bd47e-1c59-451c-9983-b38fa272644f,123450256,completed,ssn=123450256 address=256 Main Street
257,Casey.Rodriguez@terian-services.com,56790d5f-a563-4e5d-ac22-e69657225f3d,123450257,completed,ssn=123450257 address=257 Main Street
258,Hayden.Jones@terian-services.com,3ee58cdf-0907-4312-88a3-adb86afd35d4,123450258,completed,ssn=123450258 address=258 Main Street
259,Taylor.Anderson@terian-services.com,2f59178f-84b2-4c8d-b696-9bb2e8d98db7,123450259,completed,ssn=123450259 address=259 Main Street
260,Avery.Rodriguez@terian-services.com,3066916c-cf7b-472c-aa0c-f5792963dbb0,123450260,completed,ssn=123450260 address=260 Main Street
261,Alex.Rodriguez@terian-services.com,76322951-10c0-4fc3-8b67-9c02138fbe78,123450261,completed,ssn=123450261 address=261 Main Street
262,Alex.Johnson@terian-services.com,7d8edf9c-7a29-4434-acff-073949a17f2a,123450262,completed,ssn=123450262 address=262 Main Street
263,Robin.Hernandez@terian-services.com,6e071377-2208-4246-a148-114ff110a163,123450263,completed,ssn=123450263 address=263 Main Street
264,Avery.Gonzalez@terian-services.com,01e97eff-1bd3-483a-9a35-f4ea6b243856,123450264,completed,ssn=123450264 address=264 Main Street
265,Cameron.Lopez@terian-services.com,2d2601f1-22a6-4354-b827-94208fa259e2,123450265,completed,ssn=123450265 address=265 Main Street
266,Kendall.Thomas@terian-services.com,ca468675-466c-45ba-821c-6785ca977c12,123450266,completed,ssn=123450266 address=266 Main Street
267,Kendall.Williams@terian-services.com,4e579781-e6b2-4bc4-a57e-8012ff76cae8,123450267,completed,ssn=123450267 address=267 Main Street
268,Dana.Williams@terian-services.com,73ba5e2a-a528-4874-b72d-c9c119042525,123450268,completed,ssn=123450268 address=268 Main Street
269,Jesse.Jones@terian-services.com,9eadbbab-25d4-40b6-bf50-3a4428a9dcf7,123450269,completed,ssn=123450269 address=269 Main Street
270,Taylor.Thomas@terian-services.com,d45cdc44-0a7e-4d33-90e9-16c70eafd5a0,123450270,completed,ssn=123450270 address=270 Main Street
271,Pat.Williams@terian-services.com,a5b940dd-485e-43a0-a4d3-82dd9827b9c7,123450271,completed,ssn=123450271 address=271 Main Street
272,Riley.Martin@terian-services.com,76131292-33f1-4ecc-99af-be2284ce4e0c,123450272,completed,ssn=123450272 address=272 Main Street
273,Chris.Taylor@terian-services.com,49769fd9-709d-4709-a498-838fd5277b57,123450273,completed,ssn=123450273 address=273 Main Street
274,Chris.Wilson@terian-services.com,63cd4412-d2cb-4af7-acf5-1f41faa15e67,123450274,completed,ssn=123450274 address=274 Main Street
275,Alex.Hernandez@terian-services.com,8a007d04-56e7-45e3-9dc3-464ee14d2347,123450275,completed,ssn=123450275 address=275 Main Street
276,Sam.Jones@terian-services.com,a9b15d31-00ef-4532-a7df-32f52ed2b865,123450276,completed,ssn=123450276 address=276 Main Street
277,Pat.Wilson@terian-services.com,d5772047-c4cc-405d-9350-f2d574820afc,123450277,completed,ssn=123450277 address=277 Main Street
278,Taylor.Wilson@terian-services.com,711a6c3d-3f0d-45cb-b3a8-40c22584474a,123450278,completed,ssn=123450278 address=278 Main Street
279,Jordan.Jackson@terian-services.com,ef2e742f-b996-4cb3-a742-1a59811ff3b0,123450279,completed,ssn=123450279 address=279 Main Street
280,Evan.Martin@terian-services.com,8feba3a2-86bb-4ebd-ae39-91778229a679,123450280,completed,ssn=123450280 address=280 Main Street
281,Riley.Miller@terian-services.com,f4080122-7c26-441e-b456-b6085da21ddb,123450281,completed,ssn=123450281 address=281 Main Street
282,Taylor.Martin@terian-services.com,43578391-b194-4519-9689-ea892b195dbe,123450282,completed,ssn=123450282 address=282 Main Street
283,Sam.Anderson@terian-services.com,207faa39-2139-45a1-a4b5-6097ca627fca,123450283,completed,ssn=123450283 address=283 Main Street
284,Robin.Miller@terian-services.com,1c744454-d583-45c2-b1d2-d5664e8fd800,123450284,completed,ssn=123450284 address=284 Main Street
285,Jesse.Moore@terian-services.com,9abcef90-7bba-4ed3-99a0-f72cc88282a1,123450285,completed,ssn=123450285 address=285 Main Street
286,Dana.Jones@terian-services.com,11e6b82c-8238-4639-8636-7208bb287dd2,123450286,completed,ssn=123450286 address=286 Main Street
287,Sam.Moore@terian-services.com,e6bdfdad-ad35-4554-823b-c79dc7c9f87d,123450287,completed,ssn=123450287 address=287 Main Street
288,Jamie.Jones@terian-services.com,32adb295-c908-43be-ae87-1b4c45133b61,123450288,completed,ssn=123450288 address=288 Main Street
289,Drew.Anderson@terian-services.com,d896ddc6-9142-44c1-a71a-61ca6f99c644,123450289,completed,ssn=123450289 address=289 Main Street
290,Sam.Hernandez@terian-services.com,b91f7959-9dd4-42c3-9625-1f8694d2fb33,123450290,completed,ssn=123450290 address=290 Main Street
291,Taylor.Taylor@terian-services.com,a804863f-0605-4431-a52b-12e203593e4f,123450291,completed,ssn=123450291 address=291 Main Street
